City_ID,City,Lat,Lng,Max Temp,Humidity,Cloudiness,Wind Speed,Country,Date
0,whitehorse,60.7161,-135.0538,0.01,79,75,5.14,CA,1731274604
1,severo-yeniseyskiy,60.3725,93.0408,-7.97,88,100,3.09,RU,1731274605
2,bel ombre,-4.6167,55.4167,26.91,83,40,2.57,SC,1731274606
3,le vauclin,14.5452,-60.8388,26.03,89,75,1.03,MQ,1731274608
4,adamstown,-25.066,-130.1015,22.12,71,100,6.0,PN,1731274609
5,bethel,41.3712,-73.414,13.05,49,20,6.17,US,1731274610
6,kostomuksha,64.571,30.5767,-1.73,82,83,1.93,RU,1731274611
7,port blair,11.6667,92.75,28.02,83,40,1.03,IN,1731274612
8,west island,-12.1568,96.8225,25.99,89,75,7.72,CC,1731274614
9,minas de marcona,-15.2119,-75.1103,17.96,65,7,6.28,PE,1731274615
10,port-aux-francais,-49.35,70.2167,4.52,85,61,10.37,TF,1731274616
11,lyantor,61.6195,72.1555,-10.8,93,100,11.5,RU,1731274617
12,bilibino,68.0546,166.4372,-19.43,100,99,0.32,RU,1731274618
13,yellowknife,62.456,-114.3525,-9.71,79,75,3.09,CA,1731274481
14,kayangel,8.0823,134.7173,28.24,73,25,1.96,PW,1731274621
15,thompson,55.7435,-97.8558,-0.91,74,75,1.03,CA,1731274622
16,natal,-5.795,-35.2094,27.12,69,40,6.17,BR,1731274625
17,longyearbyen,78.2186,15.6401,-3.09,100,75,1.03,SJ,1731274626
18,iqaluit,63.7506,-68.5145,-3.15,63,75,5.14,CA,1731274627
19,ilulissat,69.2167,-51.1,-4.99,74,75,4.12,GL,1731274628
20,katsuren-haebaru,26.3369,127.8719,24.49,94,75,2.57,JP,1731274629
21,margaret river,-33.95,115.0667,10.19,85,58,2.76,AU,1731274631
22,waitangi,-43.9535,-176.5597,16.01,96,100,4.47,NZ,1731274632
23,pendleton,45.6721,-118.7886,11.55,81,100,4.12,US,1731274412
24,hawaiian paradise park,19.5933,-154.9731,27.15,78,100,4.12,US,1731274634
25,katsuura,35.1333,140.3,17.33,96,100,6.59,JP,1731274635
26,ribeira grande,38.5167,-28.7,20.99,83,40,8.23,PT,1731274637
27,edinburgh of the seven seas,-37.0676,-12.3116,15.82,86,100,13.8,SH,1731274638
28,pisco,-13.7,-76.2167,23.03,60,0,7.2,PE,1731274639
29,port mathurin,-19.6833,63.4167,24.24,81,84,9.08,MU,1731274640
30,bredasdorp,-34.5322,20.0403,15.25,76,95,3.49,ZA,1731274641
31,san mariano,7.5,126.0,23.14,94,59,1.07,PH,1731274643
32,usogorsk,63.4106,48.6872,-6.27,97,39,0.82,RU,1731274644
33,labrador city,52.9463,-66.9114,0.95,67,100,4.47,CA,1731274645
34,igrim,63.1906,64.4162,-10.74,80,51,5.05,RU,1731274646
35,college,64.8569,-147.8028,-9.75,81,20,0.0,US,1731274647
36,galliano,29.4422,-90.2992,24.0,88,100,5.66,US,1731274649
37,egilsstadir,65.2653,-14.3948,8.95,53,40,6.69,IS,1731274650
38,atafu village,-8.5421,-172.5159,28.5,69,86,4.15,TK,1731274651
39,shizukuishi,39.6833,140.9833,7.69,74,64,1.74,JP,1731274652
40,an ros,53.5223,-6.0931,9.65,93,0,3.6,IE,1731274653
41,tiksi,71.6872,128.8694,-19.08,100,83,1.29,RU,1731274655
42,new norfolk,-42.7826,147.0587,12.62,53,5,1.35,AU,1731274656
43,kolasib,24.2333,92.7,15.21,89,0,0.92,IN,1731274657
44,albany,42.6001,-73.9662,10.81,45,100,0.45,US,1731274658
45,sao vicente,-23.9631,-46.3919,21.98,26,0,3.09,BR,1731274661
46,stanley,54.868,-1.6985,8.49,86,0,6.17,GB,1731274662
47,puerto natales,-51.7236,-72.4875,7.36,77,75,3.5,CL,1731274663
48,luganville,-15.5333,167.1667,25.98,75,99,3.14,VU,1731274664
49,noumea,-22.2763,166.4572,28.9,99,25,5.56,NC,1731274665
50,nabire,-3.3667,135.4833,25.74,83,63,0.99,ID,1731274667
51,wailua homesteads,22.0669,-159.378,26.44,85,100,6.17,US,1731274668
52,kogalym,62.2654,74.4791,-11.65,95,99,5.97,RU,1731274669
53,juneau,58.3019,-134.4197,6.0,87,100,7.72,US,1731274671
54,kapuskasing,49.4169,-82.4331,7.0,87,100,1.03,CA,1731274673
55,ushuaia,-54.8,-68.3,6.81,81,100,9.26,AR,1731274674
56,kodiak,57.79,-152.4072,3.73,93,100,7.72,US,1731274675
57,nar'yan-mar,67.6713,53.087,-7.96,94,28,3.29,RU,1731274676
58,arraial do cabo,-22.9661,-42.0278,22.92,83,75,4.12,BR,1731274677
59,puerto ayora,-0.7393,-90.3518,23.64,80,87,3.13,EC,1731274679
60,saint-pierre,-21.3393,55.4781,23.82,73,0,2.06,RE,1731274680
61,hilo,19.7297,-155.09,27.27,79,100,4.12,US,1731274636
62,charters towers,-20.1,146.2667,25.68,60,1,6.8,AU,1731274682
63,waingapu,-9.6567,120.2641,27.18,76,20,4.57,ID,1731274683
64,sidi ifni,29.3797,-10.173,21.04,66,6,1.82,MA,1731274685
65,sidney,-33.8679,151.2073,19.27,76,75,6.17,AU,1731274535
66,grytviken,-54.2811,-36.5092,-0.47,84,64,2.74,GS,1731274687
67,adrar,20.5022,-10.0711,23.93,14,16,4.13,MR,1731274688
68,el bolson,-41.9667,-71.5167,4.75,100,100,1.8,AR,1731274689
69,hohhot,40.8106,111.6522,2.16,93,0,2.0,CN,1731274691
70,salekhard,66.53,66.6019,-18.84,90,22,3.27,RU,1731274692
71,zhanibek,49.4167,46.85,1.49,87,6,2.86,KZ,1731274693
72,nova sintra,14.8667,-24.7167,26.69,74,94,8.79,CV,1731274694
73,ghormach,35.7306,63.7826,8.68,58,5,2.27,AF,1731274695
74,zemetchino,53.4973,42.6163,3.65,70,100,1.88,RU,1731274697
75,barcelos,41.5388,-8.6151,15.24,97,99,1.62,PT,1731274698
76,carnarvon,-24.8667,113.6333,19.99,69,69,10.87,AU,1731274699
77,touros,-5.1989,-35.4608,25.54,73,100,5.56,BR,1731274700
78,xining,36.6167,101.7667,3.72,68,71,0.88,CN,1731274701
79,susuman,62.7833,148.1667,-35.1,99,92,0.3,RU,1731274703
80,fort st. john,56.2499,-120.8529,1.94,60,75,3.6,CA,1731274704
81,vicosa,-20.7539,-42.8819,18.86,90,60,3.05,BR,1731274705
82,plasnica,41.4672,21.1231,2.48,70,49,1.7,MK,1731274706
83,hobyo,5.3505,48.5268,26.06,83,100,7.22,SO,1731274707
84,talnakh,69.4865,88.3972,-24.26,90,49,1.21,RU,1731274709
85,bowen,-20.0167,148.2333,27.3,62,100,4.43,AU,1731274710
86,portland,45.5234,-122.6762,14.24,76,100,4.63,US,1731274187
87,kidal,18.4411,1.4078,22.31,18,49,4.27,ML,1731274712
88,port lincoln,-34.7333,135.8667,16.83,82,81,5.71,AU,1731274713
89,magistral'nyy,56.1725,107.4458,-14.49,96,52,1.16,RU,1731274715
90,gadzhiyevo,69.2551,33.3362,1.97,76,99,5.78,RU,1731274716
91,nadym,65.5333,72.5167,-11.85,94,100,11.25,RU,1731274717
92,salalah,17.0151,54.0924,25.05,65,0,1.54,OM,1731274718
93,luderitz,-26.6481,15.1594,15.79,74,0,7.73,NA,1731274719
94,ostersund,63.1792,14.6357,0.34,95,100,6.17,SE,1731274720
95,klyuchi,52.2667,79.1667,0.04,96,100,7.75,RU,1731274722
96,blackmans bay,-43.0167,147.3167,11.96,77,2,0.45,AU,1731274723
97,geraldton,-28.7667,114.6,14.23,88,0,4.63,AU,1731274724
98,bonthe,7.5264,-12.505,26.5,83,34,2.28,SL,1731274725
99,al quwayrah,29.8004,35.3116,11.75,82,11,2.18,JO,1731274726
100,maardu,59.4767,25.025,3.67,83,100,2.57,EE,1731274728
101,isangel,-19.55,169.2667,25.06,73,75,2.06,VU,1731274729
102,tura,25.5198,90.2201,19.11,88,0,1.42,IN,1731274730
103,papatowai,-46.5619,169.4708,11.57,49,77,7.24,NZ,1731274731
104,olonkinbyen,70.9221,-8.7187,1.21,99,100,7.81,SJ,1731274732
105,tarnogskiy gorodok,60.4997,43.5761,-1.07,94,95,3.45,RU,1731274734
106,beloomut,54.9448,39.3394,-0.19,96,25,1.67,RU,1731274735
107,san antonio de pale,-1.4014,5.6325,26.06,83,76,3.46,GQ,1731274736
108,chiredzi,-21.05,31.6667,25.83,51,64,3.44,ZW,1731274737
109,sumenep,-7.0167,113.8667,27.57,76,42,3.52,ID,1731274738
110,okoneshnikovo,54.8377,75.0834,-9.55,94,65,3.74,RU,1731274740
111,novodvinsk,64.4165,40.8122,2.86,78,100,2.54,RU,1731274741
112,joniskis,56.2403,23.6153,2.16,87,100,2.74,LT,1731274742
113,zhigalovo,54.8097,105.1578,-9.23,83,23,1.25,RU,1731274743
114,ixtapa,20.7,-105.2,29.57,62,20,4.63,MX,1731274744
115,flying fish cove,-10.4217,105.6791,25.82,94,100,4.12,CX,1731274746
116,alofi,-19.0595,-169.9187,23.94,94,75,7.2,NU,1731274747
117,chonchi,-42.6128,-73.8092,12.29,84,27,3.66,CL,1731274748
118,kingston,17.997,-76.7936,29.53,79,20,6.17,JM,1731274559
119,banfora,10.6333,-4.7667,25.42,34,8,1.79,BF,1731274750
120,alvaraes,-3.2208,-64.8042,23.93,93,98,1.66,BR,1731274752
121,lihue,21.9789,-159.3672,26.77,81,100,6.17,US,1731274753
122,port macquarie,-31.4333,152.9167,22.26,79,100,2.24,AU,1731274511
123,port alfred,-33.5906,26.891,17.67,76,100,2.38,ZA,1731274756
124,fale old settlement,-9.3852,-171.2468,28.26,74,89,5.82,TK,1731274758
125,udachny,66.4167,112.4,-15.73,95,92,2.15,RU,1731274759
126,yokadouma,3.5167,15.05,20.15,99,49,0.89,CM,1731274760
127,shizilu,35.1711,118.8289,14.24,85,93,0.45,CN,1731274761
128,san vicente de canete,-13.0751,-76.3835,19.23,79,63,2.58,PE,1731274762
129,khabary,53.6259,79.5345,0.21,97,100,8.39,RU,1731274764
130,yaren,-0.5472,166.916,28.12,71,97,5.33,NR,1731274765
131,hasaki,35.7333,140.8333,17.84,94,100,4.42,JP,1731274766
132,georgetown,5.4112,100.3354,26.96,89,40,1.54,MY,1731274767
133,illizi,26.4833,8.4667,21.21,27,100,3.35,DZ,1731274768
134,tolanaro,-25.0319,46.9987,24.04,83,0,8.23,MG,1731274770
135,port elizabeth,-33.918,25.5701,14.16,95,0,2.06,ZA,1731274771
136,sorong,-0.8833,131.25,26.79,79,92,0.47,ID,1731274772
137,sidi khaled,34.387,4.9879,18.43,55,2,8.85,DZ,1731274773
138,linghai,41.1653,121.3667,4.06,48,72,0.97,CN,1731274774
139,arta,39.1606,20.9853,14.27,63,100,2.59,GR,1731274776
140,mariestad,58.7097,13.8237,6.23,77,100,1.75,SE,1731274777
141,lompoc,34.6391,-120.4579,20.63,42,0,5.66,US,1731274778
142,kailua-kona,19.6406,-155.9956,28.49,72,20,4.12,US,1731274779
143,tindouf,27.6711,-8.1474,24.61,19,3,3.07,DZ,1731274780
144,alice springs,-23.7,133.8833,18.75,88,99,5.14,AU,1731274782
145,bamboo flat,11.7,92.7167,28.05,83,40,1.03,IN,1731274783
146,cole harbour,44.6724,-63.4751,6.77,52,3,1.79,CA,1731274784
147,petauke,-14.2426,31.3253,25.66,42,85,1.66,ZM,1731274786
148,hotan,37.0997,79.9269,8.44,42,42,0.42,CN,1731274788
149,peniche,39.3558,-9.3811,19.0,93,72,6.91,PT,1731274789
150,ishinomaki,38.4167,141.3,11.17,80,100,4.02,JP,1731274790
151,guanica,17.9716,-66.908,26.59,70,100,6.58,PR,1731274791
152,yamada,39.4667,141.95,10.38,68,100,1.79,JP,1731274792
153,le port,-20.9373,55.2919,24.98,91,16,2.62,RE,1731274794
154,menongue,-14.6585,17.691,19.23,82,68,2.19,AO,1731274795
155,utrik,11.2278,169.8474,28.39,77,1,9.26,MH,1731274796
156,sirjan,29.452,55.6814,14.02,31,100,1.13,IR,1731274797
157,kronenwetter,44.8222,-89.5904,9.08,92,100,4.63,US,1731274798
158,sinjai,-5.1241,120.253,25.06,81,76,1.87,ID,1731274800
159,punta arenas,-53.15,-70.9167,12.06,35,40,13.38,CL,1731274801
160,arkhangel'sk,64.5401,40.5433,3.06,100,75,3.0,RU,1731274802
161,rongelap,11.1635,166.8941,28.17,79,50,9.29,MH,1731274803
162,road town,18.4167,-64.6167,28.02,83,40,5.66,VG,1731274804
163,st. john's,47.5649,-52.7093,2.66,60,20,10.8,CA,1731274806
164,mirny,62.5353,113.9611,-15.67,97,100,2.41,RU,1731274807
165,eraan,9.0629,117.7016,26.0,90,100,1.09,PH,1731274808
166,dunedin,-45.8742,170.5036,12.11,57,55,4.02,NZ,1731274809
167,iskateley,67.6803,53.1512,-8.26,94,18,3.16,RU,1731274810
168,invercargill,-46.4,168.35,11.68,62,71,6.26,NZ,1731274812
169,lebu,-37.6167,-73.65,13.39,73,9,4.53,CL,1731274813
170,pathein,16.7833,94.7333,21.88,95,41,2.53,MM,1731274814
171,tazovsky,67.4667,78.7,-11.84,93,100,7.72,RU,1731274815
172,hermanus,-34.4187,19.2345,13.22,82,83,4.12,ZA,1731274816
173,avarua,-21.2078,-159.775,25.03,65,75,5.66,CK,1731274723
174,alvorada,-12.48,-49.1247,25.75,68,45,0.68,BR,1731274820
175,chiang kham,19.5233,100.3,19.84,93,1,0.56,TH,1731274821
176,juan griego,11.0817,-63.9655,33.07,62,62,5.66,VE,1731274822
177,greenville,35.6127,-77.3663,20.97,74,40,1.54,US,1731274824
178,kupino,54.3663,77.2981,-4.18,89,100,5.06,RU,1731274825
179,belmonte,-15.8631,-38.8828,23.42,93,100,3.5,BR,1731274826
180,banda aceh,5.5577,95.3222,26.42,76,100,1.35,ID,1731274827
181,ulsteinvik,62.3432,5.8487,7.5,71,99,3.36,NO,1731274828
182,la passe,45.5549,-0.8967,15.08,76,100,3.42,FR,1731274830
183,oruro,-17.9833,-67.15,18.58,18,100,6.19,BO,1731274831
184,kourou,5.1552,-52.6478,26.49,83,81,3.34,GF,1731274832
185,murray bridge,-35.1167,139.2667,17.69,58,81,1.18,AU,1731274833
186,la'ie,21.6477,-157.9253,26.73,73,18,3.58,US,1731274834
187,callao,-12.0667,-77.15,21.16,64,0,9.26,PE,1731274836
188,priozersk,61.0393,30.1291,0.05,85,61,1.92,RU,1731274837
189,erenhot,43.6475,111.9767,5.37,61,100,6.84,CN,1731274838
190,hovd,48.0056,91.6419,-4.02,45,33,3.87,MN,1731274839
191,queenstown,-31.8976,26.8753,12.71,92,100,1.92,ZA,1731274840
192,vorgashor,67.5833,63.95,-16.4,99,82,3.62,RU,1731274842
193,bardai,11.65,7.2333,20.98,29,45,3.59,NG,1731274843
194,bogra,24.85,89.3667,21.09,80,0,2.17,BD,1731274844
195,papao,-17.75,-149.55,28.82,87,100,8.24,PF,1731274845
196,petropavlovsk-kamchatsky,53.0452,158.6483,-4.67,93,100,0.0,RU,1731274846
197,hastings,50.8552,0.5729,11.21,51,85,3.38,GB,1731274848
198,boende,-0.2167,20.8667,19.37,99,94,1.09,CD,1731274849
199,hithadhoo,-0.6,73.0833,27.95,72,86,6.13,MV,1731274850
200,gosaba,22.165,88.7998,21.77,73,0,2.63,IN,1731274851
201,suntar,62.1444,117.6319,-15.18,97,100,2.11,RU,1731274852
202,colonia,50.9333,6.95,10.07,92,95,1.21,DE,1731274854
203,takoradi,4.8845,-1.7554,26.12,84,11,1.97,GH,1731274855
204,bandarbeyla,9.4942,50.8122,26.14,77,67,7.8,SO,1731274856
205,ust-nera,64.5667,143.2,-24.86,98,94,1.09,RU,1731274857
206,tobelo,1.7284,128.0095,27.17,82,29,0.26,ID,1731274858
207,qaqortoq,60.7167,-46.0333,-3.6,79,100,4.2,GL,1731274860
208,badger,64.8,-147.5333,-16.05,78,0,0.0,US,1731274861
209,hamilton,39.1834,-84.5333,17.69,93,100,5.66,US,1731274862
210,enewetak,11.3474,162.3373,28.37,77,79,9.36,MH,1731274863
211,vilyuchinsk,52.9306,158.4028,-3.85,91,100,0.86,RU,1731274866
212,kruisfontein,-34.0033,24.7314,12.37,88,19,1.14,ZA,1731274867
213,chibougamau,49.9168,-74.3659,2.79,87,100,1.54,CA,1731274868
214,lazaro cardenas,17.9583,-102.2,28.89,72,52,4.52,MX,1731274869
215,cockburn town,21.4612,-71.1419,27.98,83,75,4.12,TC,1731274870
216,tumayr,25.7039,45.868,20.7,38,56,3.42,SA,1731274872
217,qui nhon,13.7667,109.2333,22.26,88,20,1.65,VN,1731274873
218,cuito,-12.3833,16.9333,16.53,91,91,1.02,AO,1731274611
219,roma,43.2128,-75.4557,10.06,68,100,3.13,US,1731274875
220,adam,22.3756,57.5233,22.75,52,1,1.13,OM,1731274877
221,fortuna,40.5982,-124.1573,22.18,37,0,5.14,US,1731274878
222,ma'rib,15.4591,45.3253,19.63,37,1,1.67,YE,1731274879
223,huarmey,-10.0681,-78.1522,20.54,76,18,4.13,PE,1731274880
224,jieshi,22.8134,115.8257,22.04,84,51,3.76,CN,1731274882
225,vyazemskiy,47.5378,134.7525,-1.43,60,0,6.4,RU,1731274883
226,santiago de compostela,42.8805,-8.5457,15.73,93,75,2.06,ES,1731274667
227,turpan,42.9333,89.1667,8.13,50,1,1.21,CN,1731274887
228,holualoa,19.6228,-155.9522,26.97,73,20,4.12,US,1731274888
229,kuching,1.55,110.3333,25.12,97,40,0.45,MY,1731274889
230,grand falls-windsor,48.9332,-55.6649,0.09,79,4,6.57,CA,1731274820
231,ongjin,37.9347,125.3619,10.9,85,0,2.34,KP,1731274892
232,revda,56.801,59.9303,-7.56,91,100,4.44,RU,1731274894
233,zhaobaoshan,29.9695,121.6875,17.01,90,97,3.88,CN,1731274895
234,saldanha,-33.0117,17.9442,15.69,81,88,6.11,ZA,1731274897
235,shalqar,47.8333,59.6,2.8,75,100,6.23,KZ,1731274898
236,prince george,53.9166,-122.753,1.69,93,0,3.6,CA,1731274899
237,nazarabad,35.9521,50.6075,11.45,45,10,1.2,IR,1731274900
238,ciudad bolivar,8.1222,-63.5497,33.77,38,56,2.72,VE,1731274902
239,hashtrud,37.4779,47.0508,6.02,68,8,1.0,IR,1731274903
240,fort bragg,35.139,-79.006,20.75,73,100,1.54,US,1731274724
241,baruun-urt,46.6806,113.2792,-1.55,61,74,5.98,MN,1731274905
242,zeya,53.75,127.2667,-14.07,90,11,1.85,RU,1731274908
243,berezovyy,51.6667,135.7,-4.83,58,41,3.53,RU,1731274910
244,haiku-pauwela,20.9219,-156.3051,28.45,62,20,12.52,US,1731274912
245,polyarnyy,69.1989,33.4478,1.81,76,99,5.38,RU,1731274913
246,el galpon,-25.3807,-64.6526,31.08,44,11,4.04,AR,1731274914
247,jamestown,42.097,-79.2353,10.57,97,100,5.14,US,1731274915
248,tadine,-21.55,167.8833,25.79,63,10,4.5,NC,1731274917
249,taos,36.4072,-105.5731,9.69,54,9,0.89,US,1731274918
250,yadgir,16.7667,77.1333,21.07,67,39,1.89,IN,1731274919
251,selebi-phikwe,-21.979,27.8498,23.35,68,98,4.26,BW,1731274920
252,es castell,39.8795,4.2854,16.38,88,75,8.23,ES,1731274922
253,pavilosta,56.8879,21.1859,3.77,87,58,3.97,LV,1731274923
254,tafresh,34.692,50.013,8.96,54,5,0.88,IR,1731274924
255,laojunmiao,39.8333,97.7333,1.82,65,79,1.69,CN,1731274925
256,sibiti,-3.6819,13.3499,19.76,96,92,0.94,CG,1731274927
257,blackwater,-23.5833,148.8833,24.27,100,81,6.05,AU,1731274928
258,malvik,63.4333,10.6833,0.84,100,100,3.6,NO,1731274929
259,maintirano,-18.0667,44.0167,25.79,77,1,3.08,MG,1731274930
260,lata,40.1629,-8.3327,13.26,99,81,0.86,PT,1731274931
261,tazacorte,28.629,-17.9293,26.75,25,0,4.47,ES,1731274933
262,keflavik,64.0049,-22.5624,6.24,75,75,11.32,IS,1731274747
263,kawambwa,-9.7915,29.0791,18.54,88,99,1.55,ZM,1731274935
264,constantia,44.1833,28.65,5.38,78,99,8.14,RO,1731274762
265,brookings,44.3114,-96.7984,11.21,84,100,6.17,US,1731274715
266,jinghong,21.991,100.7341,17.73,96,14,1.17,CN,1731274939
267,isafjordur,66.0755,-23.124,3.02,89,95,15.49,IS,1731274940
268,namibe,-15.1961,12.1522,20.81,71,65,4.8,AO,1731274943
269,uliastay,47.7417,96.8444,-9.81,70,71,3.04,MN,1731274944
270,businga,3.3333,20.8833,21.17,98,99,0.49,CD,1731274945
271,kumasi,6.6885,-1.6244,23.27,85,87,0.89,GH,1731274947
272,santo antonio do ica,-3.1022,-67.9397,27.25,81,100,1.02,BR,1731274948
273,gazojak,41.1875,61.4036,6.86,59,0,1.7,TM,1731274949
274,grande prairie,55.1667,-118.8027,2.1,64,75,4.12,CA,1731274950
275,calvinia,-31.4707,19.776,15.2,67,80,1.85,ZA,1731274951
276,tynda,55.1667,124.7167,-21.78,97,42,0.74,RU,1731274953
277,songjianghe,42.1859,127.479,-0.53,81,0,1.51,CN,1731274954
278,florence,43.7667,11.25,11.72,56,0,1.54,IT,1731274865
279,amga,60.8953,131.9608,-15.39,98,99,1.0,RU,1731274956
280,sinabang,2.4803,96.3801,26.12,86,100,0.58,ID,1731274958
281,jacksonville,30.3322,-81.6556,25.57,83,100,4.63,US,1731274779
282,gaigeturi,33.4644,126.3183,17.03,72,40,2.57,KR,1731274960
283,labuan bajo,-8.4964,119.8877,26.31,84,50,1.67,ID,1731274961
284,fortaleza,-3.7227,-38.5247,27.34,74,20,6.17,BR,1731274877
285,magadan,59.5667,150.8,-9.89,70,100,8.64,RU,1731274965
286,acarau,-2.8856,-40.12,25.66,84,87,8.7,BR,1731274966
287,esperantina,-3.9017,-42.2336,28.4,54,85,4.75,BR,1731274968
288,dudinka,69.4058,86.1778,-23.91,97,77,3.56,RU,1731274969
289,jabat,7.75,168.9751,28.72,74,10,8.09,MH,1731274970
290,kenai,60.5544,-151.2583,3.41,69,0,2.57,US,1731274971
291,princeville,45.7668,-61.2985,4.36,62,0,3.6,CA,1731274972
292,kyren,51.6828,102.1408,-6.15,56,56,0.69,RU,1731274974
293,macclenny,30.2822,-82.1221,23.88,95,99,0.45,US,1731274795
294,ganghwa-gun,37.7472,126.4856,9.91,71,0,2.21,KR,1731274976
295,korla,41.7597,86.1469,7.02,34,0,2.59,CN,1731274977
296,seme,15.1942,-12.9448,28.84,15,0,3.55,SN,1731274979
297,haapsalu,58.9431,23.5414,4.99,93,100,4.32,EE,1731274980
298,yuzhno-kurilsk,44.0306,145.8556,11.09,79,83,7.13,RU,1731274981
299,mahebourg,-20.4081,57.7,25.16,88,40,2.57,MU,1731274982
300,penzance,50.1186,-5.5371,12.64,88,96,1.31,GB,1731274983
301,kerikeri,-35.2268,173.9474,19.39,90,100,1.79,NZ,1731274985
302,k'olito,7.3167,38.0833,17.43,59,90,4.21,ET,1731274986
303,sitka,57.0531,-135.33,8.94,57,40,8.75,US,1731274988
304,praia da vitoria,38.7333,-27.0667,20.14,83,75,5.76,PT,1731274991
305,hammerfest,70.6634,23.6821,7.25,87,75,6.17,NO,1731274992
306,sinop,41.7711,34.8709,7.69,76,100,0.67,TR,1731274993
307,antsiranana,-12.2787,49.2917,25.72,80,35,5.51,MG,1731274995
308,loen,7.7601,168.2307,28.83,74,18,8.38,MH,1731274996
309,puerto rosario,-24.45,-57.0833,30.78,30,0,1.14,PY,1731274997
310,anadyr,64.75,177.4833,-11.72,92,20,3.0,RU,1731274998
311,krasnomayskiy,57.6194,34.4099,-0.94,95,30,1.34,RU,1731275000
312,shenjiamen,29.9576,122.298,18.44,84,90,6.02,CN,1731275002
313,mhamid,29.82,-5.72,23.53,23,6,0.92,MA,1731275003
314,bougouni,11.417,-7.479,24.84,37,18,1.87,ML,1731275005
315,timbiqui,2.7717,-77.6654,24.8,90,99,2.77,CO,1731275006
316,port-vila,-17.7338,168.3219,25.78,69,40,4.63,VU,1731274726
317,palmer,42.1584,-72.3287,12.75,44,75,4.63,US,1731274925
318,timimoun,29.2639,0.231,21.21,35,0,2.06,DZ,1731275009
319,matane,48.8286,-67.522,4.78,66,85,7.08,CA,1731274789
320,brigantine,39.4101,-74.3646,16.11,83,40,4.92,US,1731275012
321,bandar-e anzali,37.4727,49.4622,13.45,82,18,1.28,IR,1731275013
322,tuy hoa,13.0833,109.3,22.11,91,48,1.23,VN,1731275014
323,copala,16.65,-98.9833,27.95,74,26,2.97,MX,1731275016
324,aswan,24.0934,32.907,20.01,39,1,5.51,EG,1731274459
325,saipan,15.1355,145.701,28.69,84,40,5.14,MP,1731275018
326,kondoa,-4.9,35.7833,19.74,70,67,2.8,TZ,1731275019
327,funafuti,-8.5243,179.1942,31.0,79,75,3.09,TV,1731275020
328,rurrenabaque,-14.4413,-67.5278,33.94,55,75,1.54,BO,1731275022
329,novyy turtkul',41.55,61.0167,7.25,62,1,2.32,UZ,1731275023
330,puerto baquerizo moreno,-0.9,-89.6,25.55,57,20,5.66,EC,1731275024
331,san patricio,28.017,-97.5169,32.97,51,29,3.7,US,1731275025
332,butembo,0.15,29.2833,13.87,97,100,0.81,CD,1731275026
333,pomichna,48.2422,31.4158,2.38,79,1,3.06,UA,1731275028
334,abbeville,50.1,1.8333,9.16,91,12,1.01,FR,1731274910
335,flin flon,54.7682,-101.865,3.91,70,75,2.57,CA,1731275030
336,biloela,-24.4167,150.5,26.3,62,97,6.37,AU,1731275031
337,christchurch,-43.5333,172.6333,17.19,51,6,5.66,NZ,1731274794
338,talavera de la reina,39.9635,-4.8308,12.75,78,22,0.9,ES,1731275034
339,santa terezinha,-29.9002,-50.0904,20.63,76,0,9.59,BR,1731275035
340,san pedro pochutla,15.7333,-96.4667,30.95,68,37,2.18,MX,1731275036
341,port augusta,-32.5,137.7667,24.47,43,79,1.78,AU,1731275037
342,whistler,50.1164,-122.9695,4.57,100,100,0.0,CA,1731275039
343,howrah,22.5892,88.3103,23.0,83,0,2.06,IN,1731275040
344,vila velha,-20.3297,-40.2925,23.97,82,40,5.66,BR,1731275041
345,lubao,14.9167,120.55,26.84,93,100,1.82,PH,1731275042
346,manado,1.487,124.8455,23.43,100,20,0.51,ID,1731275043
347,nemuro,43.3236,145.575,12.34,80,100,9.7,JP,1731275045
348,saint-francois,46.4154,3.9054,11.47,100,100,2.06,FR,1731275046
349,tuburan,6.6439,122.2736,26.32,84,100,0.85,PH,1731275047
350,lethbridge,49.7,-112.8186,3.27,87,100,2.57,CA,1731274959
351,vallegrande,-18.4897,-64.1069,21.16,56,3,4.78,BO,1731275049
352,bambanglipuro,-7.95,110.2833,25.2,89,98,1.9,ID,1731275051
353,afaahiti,-17.75,-149.2833,24.58,86,100,7.16,PF,1731275053
354,souillac,-20.5167,57.5167,25.21,88,40,2.57,MU,1731275054
355,shakawe,-18.3667,21.85,26.9,51,95,1.04,BW,1731275055
356,vernon,50.2581,-119.2691,9.86,74,100,0.89,CA,1731274976
357,kem',64.9555,34.5793,0.21,75,100,3.4,RU,1731275058
358,guadalajara,20.6667,-103.3333,29.87,25,20,3.09,MX,1731274179
359,sarkisla,39.3519,36.4098,6.08,60,94,2.07,TR,1731275060
360,gazli,40.1333,63.45,7.08,59,0,1.91,UZ,1731275061
361,opuwo,-18.0607,13.84,21.26,34,68,3.9,NA,1731275063
362,rhede,51.8333,6.7,9.04,86,100,2.3,DE,1731275064
363,karbala,32.616,44.0249,22.05,35,24,3.02,IQ,1731275065
364,undurkhaan,47.3194,110.6556,-2.25,57,41,3.73,MN,1731275066
365,ravar,31.2656,56.8055,14.38,42,100,0.97,IR,1731275067
366,gamba,-2.65,10.0,24.81,90,64,1.62,GA,1731275069
367,port saint john's,-31.6229,29.5448,18.12,94,100,2.34,ZA,1731275070
368,sandnessjoen,66.0217,12.6316,5.06,93,75,0.0,NO,1731275071
369,karlskrona,56.1616,15.5866,6.25,76,80,3.7,SE,1731275072
370,itoman,26.1247,127.6694,26.01,89,75,4.12,JP,1731275073
371,nuku'alofa,-21.1333,-175.2,25.19,83,75,7.2,TO,1731275076
372,ciudad madero,22.2667,-97.8333,28.11,74,0,2.06,MX,1731275077
373,akureyri,65.6835,-18.0878,7.96,61,75,4.12,IS,1731275078
374,cam ranh,11.9214,109.1591,22.98,94,20,2.06,VN,1731275079
375,patacamaya,-17.2333,-67.9167,15.03,44,45,5.86,BO,1731275081
376,ocean shores,46.9737,-124.1563,12.2,92,100,4.63,US,1731275082
377,woolgoolga,-30.1106,153.2007,21.93,90,98,4.37,AU,1731275083
378,kismayo,-0.3582,42.5454,26.25,84,99,4.4,SO,1731275084
379,san andres,12.5847,-81.7006,29.01,79,20,3.6,CO,1731274833
380,camarinas,43.1311,-9.1817,16.07,96,96,3.53,ES,1731275088
381,umluj,25.0213,37.2685,25.84,64,27,5.17,SA,1731275089
382,bom jesus dos perdoes,-23.135,-46.4653,17.01,91,43,3.1,BR,1731275090
383,hagere maryam,5.6333,38.2333,14.33,89,43,1.69,ET,1731275091
384,east london,-33.0153,27.9116,16.83,91,100,1.71,ZA,1731275093
385,kampene,-3.6,26.6667,19.53,100,100,0.23,CD,1731275094
386,wanxian,30.8039,108.3897,18.35,75,100,1.04,CN,1731275095
387,vadso,70.0744,29.7487,4.09,87,75,3.6,NO,1731275096
388,trairi,-3.2778,-39.2689,25.59,80,75,5.41,BR,1731275097
389,prado,-17.3411,-39.2208,23.76,84,92,4.61,BR,1731275099
390,kristiansund,63.1115,7.732,6.18,93,0,3.09,NO,1731275100
391,kavaratti,10.5669,72.642,27.99,72,62,2.88,IN,1731275101
392,cidade velha,14.9167,-23.6167,26.26,69,20,6.17,CV,1731275102
393,coahuayana de hidalgo,18.7,-103.6583,29.94,64,32,2.98,MX,1731275103
394,konarka,19.9,86.1167,22.03,78,32,4.2,IN,1731275105
395,avanigadda,16.0215,80.9181,23.86,86,96,2.35,IN,1731275106
396,nueva gerona,21.8833,-82.8,27.23,67,100,2.51,CU,1731275107
397,fendou,46.65,124.8667,-2.14,37,100,3.31,CN,1731275108
398,xapuri,-10.6517,-68.5044,30.64,54,97,0.72,BR,1731275109
399,ripoll,42.2006,2.1903,9.88,91,16,0.45,ES,1731275111
400,huntsville,34.7304,-86.5861,20.21,83,100,4.92,US,1731275072
401,mwanza,-2.5167,32.9,23.3,68,96,4.71,TZ,1731275113
402,cabo san lucas,22.8909,-109.9124,26.17,69,20,2.06,MX,1731274552
403,drayton valley,53.2168,-114.9854,4.93,58,96,4.12,CA,1731274951
404,kiunga,-6.1219,141.2906,24.16,96,100,1.37,PG,1731275117
405,tamanrasset,22.785,5.5228,14.95,33,0,2.06,DZ,1731275093
406,asosa,10.0667,34.5333,16.73,85,4,2.5,ET,1731275119
407,mejit,10.2753,170.8646,28.04,78,7,9.41,MH,1731275120
408,caleta de carquin,-11.0925,-77.6267,20.3,76,46,4.37,PE,1731275121
409,antofagasta,-23.65,-70.4,18.6,83,11,2.78,CL,1731275123
410,sarkand,45.41,79.9186,3.5,44,5,2.88,KZ,1731275124
411,rawson,-43.3002,-65.1023,21.16,14,40,6.17,AR,1731275125
412,emerald,-23.5333,148.1667,25.19,70,87,6.71,AU,1731275126
413,an nuhud,12.7,28.4333,24.54,21,41,5.92,SD,1731275127
414,aasiaat,68.7098,-52.8699,-9.99,98,93,2.08,GL,1731275129
415,vorkuta,67.5,64.0,-16.31,99,81,3.74,RU,1731275130
416,plymouth,41.8334,-70.8328,13.71,67,0,4.12,US,1731275131
417,castillos,-34.1667,-53.8333,17.52,79,6,4.05,UY,1731275133
418,preobrazheniye,42.9019,133.9064,2.91,72,1,3.19,RU,1731275135
419,mukalla,14.5425,49.1242,25.72,68,6,2.32,YE,1731275136
420,siem reap,13.5,104.0,23.13,84,100,0.13,KH,1731275137
421,mata-utu,-13.2816,-176.1745,27.79,79,86,6.41,WF,1731275139
422,tayoltita,24.0833,-105.9333,31.5,33,0,2.9,MX,1731275143
423,cabedelo,-6.9811,-34.8339,26.37,73,100,4.25,BR,1731275144
424,mar del plata,-38.0023,-57.5575,18.01,94,100,2.57,AR,1731275096
425,zhuanghe,39.7008,122.9911,7.49,51,0,2.05,CN,1731275147
426,gebre guracha,9.8,38.4,11.42,65,46,1.75,ET,1731275148
427,tashtyp,52.7939,89.8983,-0.74,91,70,5.68,RU,1731275149
428,chickasha,35.0526,-97.9364,21.09,43,0,2.57,US,1731275150
429,petrovskaya,45.4314,37.955,6.03,75,73,3.98,RU,1731275152
430,peace river,56.2501,-117.286,2.17,69,20,1.54,CA,1731275153
431,kuta,-8.7233,115.1723,26.97,89,20,1.03,ID,1731275154
432,bac lieu,9.285,105.7244,25.26,88,18,3.36,VN,1731275155
433,aykhal,66.0,111.5,-15.12,97,100,2.94,RU,1731275156
434,manicore,-5.8092,-61.3003,27.7,74,82,0.32,BR,1731275158
435,thinadhoo,0.5333,72.9333,27.95,72,97,5.84,MV,1731275159
436,tandag,9.0783,126.1986,24.64,92,87,1.82,PH,1731275160
437,warrnambool,-38.3833,142.4833,12.74,72,4,2.73,AU,1731274941
438,mount isa,-20.7333,139.5,32.87,21,61,5.66,AU,1731275162
439,yelanskiy,56.8419,62.5014,-6.62,82,14,4.74,RU,1731275164
440,sarkikaraagac,38.0794,31.3664,7.83,69,100,1.38,TR,1731275165
441,nishinoomote,30.7333,131.0,22.94,83,100,10.14,JP,1731275166
442,banjarmasin,-3.3244,114.591,25.08,97,96,1.48,ID,1731275167
443,toliara,-23.35,43.6667,22.54,87,21,1.92,MG,1731275168
444,las palmas,28.4204,-14.0131,20.44,83,0,4.63,ES,1731275170
445,i-n-salah,27.1935,2.4607,24.01,28,100,3.68,DZ,1731275171
446,thurso,58.5927,-3.5259,7.14,80,5,9.99,GB,1731275172
447,tonder,54.9331,8.8667,8.86,92,97,3.51,DK,1731275173
448,amursk,50.2261,136.8994,-5.73,78,5,2.63,RU,1731275174
449,mandvi,22.8333,69.3667,26.88,54,0,4.85,IN,1731275175
450,vila franca do campo,37.7167,-25.4333,21.23,99,93,5.3,PT,1731275149
451,remire-montjoly,4.9167,-52.2667,25.02,94,40,1.54,GF,1731275178
452,el granada,37.5027,-122.4694,20.29,56,0,2.06,US,1731275179
453,letlhakane,-21.4167,25.5833,24.85,56,99,5.3,BW,1731275180
454,canete,-37.8,-73.4,12.77,71,32,3.14,CL,1731275181
455,ola,59.5833,151.2833,-9.78,69,100,9.16,RU,1731275183
456,idrinskoye,54.3708,92.1358,0.59,75,99,7.04,RU,1731275184
457,pemangkat,1.1667,108.9667,26.01,86,100,2.47,ID,1731275185
458,rengasdengklok,-6.1592,107.2981,26.98,81,100,1.88,ID,1731275186
459,inhambane,-23.865,35.3833,24.41,85,99,5.5,MZ,1731275187
460,cidreira,-30.1811,-50.2056,20.66,74,0,8.84,BR,1731275189
461,kapit,2.0167,112.9333,22.56,99,100,0.32,MY,1731275190
462,phaltan,17.9833,74.4333,20.44,51,0,2.12,IN,1731275191
463,mazatlan,23.2167,-106.4167,29.98,69,0,6.17,MX,1731274914
464,jinchang,38.4953,102.1739,4.27,56,78,0.08,CN,1731275195
465,el calafate,-50.3408,-72.2768,10.75,57,77,6.24,AR,1731275196
466,ciudad constitucion,25.0369,-111.6644,29.57,15,12,3.42,MX,1731275200
467,kasongo-lunda,-6.4667,16.8167,20.47,98,98,0.62,CD,1731275201
468,puerto san jose,13.9256,-90.8244,28.52,74,88,2.82,GT,1731275202
469,ponta delgada,37.7333,-25.6667,21.4,73,75,5.66,PT,1731275203
470,maragogi,-9.0122,-35.2225,25.01,78,17,5.86,BR,1731275205
471,nikolayevsk-on-amure,53.1406,140.73,-3.63,80,99,7.35,RU,1731275206
472,necochea,-38.5473,-58.7368,12.42,89,100,5.21,AR,1731275207
473,aksuat,48.7167,83.7,-0.31,100,100,6.55,KZ,1731275208
474,camana,-16.6228,-72.7111,19.46,79,38,2.39,PE,1731275209
475,banepa,27.6298,85.5214,14.18,88,20,1.54,NP,1731275211
476,odienne,9.51,-7.5692,23.72,50,9,0.99,CI,1731275212
477,clarkston heights-vineland,46.3874,-117.083,11.56,86,100,0.0,US,1731274993
478,talcahuano,-36.7167,-73.1167,15.82,59,40,5.14,CL,1731275214
479,kambove,-10.8764,26.5969,17.67,95,96,1.01,CD,1731275216
480,san luis de la loma,17.2706,-100.8939,28.87,74,52,2.95,MX,1731275217
481,santa cruz de el seibo,18.7656,-69.0389,24.01,94,100,5.39,DO,1731275218
482,vilyuysk,63.7553,121.6247,-12.46,96,100,2.15,RU,1731275219
483,loch garman,52.3342,-6.4575,8.8,87,84,3.4,IE,1731275220
484,khash,28.2211,61.2158,13.84,36,23,1.88,IR,1731275222
485,sabang,5.8933,95.3214,27.93,77,100,2.8,ID,1731275223
486,namsos,64.4662,11.4957,-0.05,100,100,0.0,NO,1731275224
487,kasongo,-4.45,26.6667,19.21,99,100,0.86,CD,1731275225
488,wailuku,20.8911,-156.5047,28.97,60,20,9.26,US,1731275227
489,nienburg,52.6333,9.2167,7.9,91,99,2.16,DE,1731275228
490,rajgarh,28.6333,75.3833,23.65,38,0,2.87,IN,1731275229
491,arcos,-20.2819,-45.5394,24.59,63,60,2.66,BR,1731275230
492,barah,13.7,30.3667,26.78,23,29,6.58,SD,1731275231
493,brejo santo,-7.4933,-38.9872,32.64,28,99,2.67,BR,1731275233
494,tinaquillo,9.9186,-68.3047,22.98,94,96,0.37,VE,1731275234
495,genhe,50.7833,121.5167,-8.24,83,100,1.09,CN,1731275235
496,chegdomyn,51.1167,133.0167,-10.25,88,33,1.82,RU,1731275236
497,selfoss,63.9331,-20.9971,5.58,80,67,8.05,IS,1731275238
498,garachico,28.7781,-17.7646,24.71,60,0,3.6,ES,1731275239
499,santa quiteria,-4.3319,-40.1567,30.12,43,61,5.5,BR,1731275240
500,ylitornio,66.3089,23.6773,-0.03,97,55,2.19,FI,1731275241
501,cannonvale,-20.2833,148.7,26.66,63,99,4.22,AU,1731275243
502,coquimbo,-29.9533,-71.3436,18.32,63,0,6.17,CL,1731275121
503,dzhetygara,52.1908,61.2006,-4.58,90,95,3.89,KZ,1731275245
504,toyooka,35.5333,134.8333,14.41,85,92,1.32,JP,1731275246
505,snagov,44.7,26.1833,4.94,87,100,8.75,RO,1731275247
506,weno,7.4515,151.8468,27.97,83,40,1.54,FM,1731275249
507,balkanabat,39.5108,54.3671,11.71,54,8,0.36,TM,1731275250
508,walvis bay,-22.9575,14.5053,14.58,78,5,3.08,NA,1731275251
509,ulladulla,-35.35,150.4667,17.14,71,100,0.8,AU,1731275252
510,buala,-8.145,159.5921,28.8,71,80,1.56,SB,1731275254
511,freetown,8.484,-13.2299,28.84,74,40,2.57,SL,1731275255
512,okhotsk,59.3833,143.3,-10.79,73,100,7.21,RU,1731275256
513,amungan,15.3652,119.9582,25.92,90,100,2.23,PH,1731275257
514,chernomorskoye,45.5039,32.6997,8.15,80,97,7.16,UA,1731275259
515,solnechnyy,50.7214,136.6319,-3.88,47,11,5.66,RU,1731275260
516,federacion,-31.0062,-57.8996,24.66,48,0,2.95,AR,1731275261
517,kota kinabalu,5.9749,116.0724,23.99,94,20,2.24,MY,1731275262
518,inarajan village,13.2736,144.7484,28.22,88,100,7.47,GU,1731275263
519,lijiang,26.8688,100.2207,5.07,91,0,1.83,CN,1731275265
520,yulinshi,38.2906,109.7494,9.3,78,94,0.73,CN,1731275266
521,betio village,1.358,172.9211,31.02,73,78,7.9,KI,1731275267
522,puerto aysen,-45.4,-72.7,6.88,100,100,1.93,CL,1731275268
523,conduaga,8.862,117.4893,25.76,88,87,1.56,PH,1731275270
524,faratsiho,-19.4,46.95,15.1,88,55,1.66,MG,1731275271
525,northam,51.0333,-4.2167,13.67,95,86,1.2,GB,1731275272
526,baoqing,46.3317,132.2111,-3.01,69,0,2.15,CN,1731275273
527,san salvador de jujuy,-24.1946,-65.2971,26.74,69,88,1.36,AR,1731275275
528,sultanah,24.4926,39.5857,28.25,23,0,1.54,SA,1731275276
529,bozeman,45.6796,-111.0386,10.11,55,100,2.06,US,1731275040
530,kulhudhuffushi,6.6221,73.07,27.87,69,0,1.9,MV,1731275278
531,yeniseysk,58.4497,92.1703,-1.16,91,100,4.6,RU,1731275279
532,amuntai,-2.4177,115.2494,23.1,99,95,0.94,ID,1731275281
533,iranshahr,27.2025,60.6848,21.19,26,0,2.06,IR,1731275282
534,kone,-21.0595,164.8658,29.0,43,17,1.83,NC,1731275283
535,margate,51.3813,1.3862,10.39,86,95,4.6,GB,1731275120
536,sharkan,57.2989,53.8712,-3.95,88,26,5.3,RU,1731275286
537,sergeyevka,53.88,67.4158,-10.1,96,56,2.79,KZ,1731275287
538,boyolangu,-8.1181,111.8935,24.34,93,77,0.71,ID,1731275288
539,boa vista,2.8197,-60.6733,34.99,34,20,3.09,BR,1731275291
540,wangen,47.6833,9.8333,6.31,92,5,1.04,DE,1731275292
541,urangan,-25.3,152.9,24.68,79,99,5.8,AU,1731275293
542,kousa,25.9141,32.7636,19.05,41,0,2.6,EG,1731275294
543,port hedland,-20.3167,118.5667,27.03,78,21,4.12,AU,1731275295
544,rondonopolis,-16.4708,-54.6356,29.09,57,100,1.66,BR,1731275297
545,anchorage,61.2181,-149.9003,1.78,75,0,2.57,US,1731275121
546,guerrero negro,27.9769,-114.0611,23.8,33,97,5.07,MX,1731275299
547,acapulco de juarez,16.8634,-99.8901,29.9,79,40,3.09,MX,1731275300
548,cambria,35.5641,-121.0808,16.14,73,55,1.79,US,1731275302
549,namtsy,62.7161,129.6658,-18.16,99,99,0.41,RU,1731275303
550,manta,-0.95,-80.7333,26.88,65,40,6.22,EC,1731275035
551,gurupi,-11.7292,-49.0686,25.53,72,58,2.09,BR,1731275057
552,jalostotitlan,21.2,-102.4667,29.15,21,4,1.79,MX,1731275306
553,saint-philippe,-21.3585,55.7679,23.99,89,37,5.11,RE,1731275308
554,kilindoni,-7.9139,39.6668,26.42,76,1,4.78,TZ,1731275309
555,taltal,-25.4,-70.4833,19.1,73,66,1.68,CL,1731275169
556,campanha,-21.8361,-45.4006,22.31,62,63,1.11,BR,1731275313
557,puerto yuca,2.9383,-73.2083,25.92,79,99,0.08,CO,1731275314
558,malango,-2.9627,119.9001,18.48,97,40,1.1,ID,1731275315
559,armacao de buzios,-22.7469,-41.8817,23.03,75,80,2.66,BR,1731275316
560,broken hill,-31.95,141.4333,22.37,38,100,3.99,AU,1731275318
561,luwuk,-0.9516,122.7875,23.35,85,34,1.09,ID,1731275319
562,newman,37.3138,-121.0208,21.13,35,25,0.89,US,1731275265
563,zaragoza,41.6561,-0.8773,14.25,67,0,7.2,ES,1731275321
564,aral,40.5156,81.2636,7.18,55,1,3.26,CN,1731275323
565,midvagur,62.0511,-7.1939,9.46,81,75,14.92,FO,1731275324
566,mizdah,31.4451,12.9801,18.1,42,98,2.01,LY,1731275325
567,carbonear,47.7332,-53.2148,2.86,63,5,9.07,CA,1731275326
568,griffith,41.5284,-87.4237,15.29,60,100,13.89,US,1731275327
